Ticker,ACN,ACN,ACN,ACN,ACN,ACN,INFY,INFY,INFY,INFY,INFY,INFY,IBM,IBM,IBM,IBM,IBM,IBM
Price,Open,High,Low,Close,Adj Close,Volume,Open,High,Low,Close,Adj Close,Volume,Open,High,Low,Close,Adj Close,Volume
Date,,,,,,,,,,,,,,,,,,
2022-11-21,285.50,288.83,285.09,287.02,278.06,1308100,19.26,19.34,19.24,19.30,18.22,7430300,147.55,147.93,146.45,146.68,134.86,3476200
2022-11-22,288.85,293.75,287.16,292.89,283.75,1417500,19.28,19.41,19.26,19.37,18.28,4605400,147.60,149.35,147.02,149.10,137.09,7062100
2022-11-23,293.08,296.39,292.40,294.53,285.34,1229100,19.31,19.55,19.30,19.53,18.43,3328100,149.10,150.46,148.30,148.75,136.77,3658200
2022-11-25,294.30,297.52,294.30,296.40,287.15,677900,19.83,20.02,19.78,19.92,18.80,3161100,148.27,149.49,148.10,148.37,136.42,2075200
2022-11-28,293.26,294.97,289.78,290.60,281.53,1253100,19.90,19.96,19.61,19.63,18.53,4043200,147.98,148.24,145.94,146.18,134.40,3538100
2022-11-29,289.31,290.62,286.62,287.98,278.99,1055000,19.72,19.89,19.67,19.71,18.60,5516500,145.91,147.17,145.70,146.49,134.69,2754700
2022-11-30,286.62,300.97,286.23,300.93,291.54,2767100,19.84,20.36,19.77,20.35,19.21,6994600,146.19,149.64,145.67,148.90,136.91,6377600
2022-12-01,302.45,305.13,300.00,302.83,293.38,1767200,20.40,20.57,20.25,20.51,19.36,5586800,149.98,150.01,147.34,149.16,137.14,4495900
2022-12-02,299.05,302.15,296.46,300.13,290.76,1744500,20.10,20.29,19.86,20.19,19.06,5674600,148.13,149.16,147.73,148.67,136.69,2900000
2022-12-05,295.77,297.20,290.58,292.74,283.60,1800300,20.04,20.15,19.59,19.75,18.64,7650000,147.94,148.93,146.80,147.41,135.54,2784600
2022-12-06,291.27,292.48,282.27,285.41,276.50,1920300,19.49,19.58,19.18,19.41,18.32,11673400,147.30,147.80,146.70,147.50,135.62,2847600
2022-12-07,285.10,287.06,282.19,286.69,277.74,1861600,19.35,19.43,19.23,19.39,18.30,8087400,147.33,148.10,146.29,147.27,135.41,3971300
2022-12-08,288.00,294.06,286.84,292.15,283.03,2046000,19.54,19.82,19.49,19.58,18.48,6872000,147.90,149.15,147.37,147.78,135.88,2665700
2022-12-09,289.39,291.77,287.88,288.41,279.41,1827200,18.92,19.02,18.41,18.49,17.45,12510700,147.40,148.34,146.97,147.05,135.20,3047600
2022-12-12,286.14,292.95,284.48,292.34,283.22,2429900,18.49,18.53,18.36,18.41,17.38,6741000,147.82,149.21,146.94,149.21,137.19,4032800
2022-12-13,302.96,303.93,292.93,295.35,286.13,3516800,19.01,19.15,18.63,18.73,17.68,13184600,150.37,153.21,149.95,150.57,138.44,8811500
2022-12-14,294.05,297.29,287.86,291.45,282.35,2552200,18.75,18.97,18.60,18.72,17.67,7721700,150.47,151.91,148.45,149.86,137.79,4205900
2022-12-15,287.43,288.39,279.28,281.12,272.35,2870000,18.33,18.36,18.01,18.17,17.15,6568600,148.52,148.98,141.58,142.36,130.89,6687000
2022-12-16,274.67,275.00,263.25,264.48,256.22,6532500,18.11,18.22,17.69,17.73,16.73,15368300,141.25,141.92,138.97,140.16,128.87,9834400
2022-12-19,263.16,264.26,254.16,255.40,247.43,4147500,17.86,17.99,17.79,17.88,16.88,10765900,140.16,140.44,137.20,138.87,127.68,5282900
2022-12-20,253.74,262.43,253.50,261.90,253.73,3102500,17.95,18.21,17.90,18.06,17.05,6483900,138.84,141.43,138.34,141.28,129.90,5156500
2022-12-21,264.48,270.71,264.41,268.92,260.53,3580100,18.02,18.27,18.02,18.22,17.20,4228200,141.84,143.09,140.98,142.14,130.69,3793700
2022-12-22,264.44,265.93,260.64,264.76,256.50,2276200,18.04,18.08,17.73,17.93,16.92,7911000,140.95,141.44,138.62,140.88,129.53,3337100
2022-12-23,265.79,266.71,263.31,266.09,257.78,1213300,17.82,17.95,17.73,17.92,16.91,3685100,140.59,141.86,139.60,141.65,130.24,2092500
2022-12-27,265.92,267.22,263.70,265.31,257.03,1009600,18.01,18.09,17.84,18.03,17.02,4943200,141.73,142.72,141.23,142.42,130.95,2742400
2022-12-28,266.10,269.14,262.67,263.12,254.91,1387000,18.05,18.19,17.92,17.96,16.95,5872100,142.40,142.81,139.95,140.02,128.74,2539500
2022-12-29,265.59,270.87,265.59,268.38,260.00,1516800,18.09,18.38,18.09,18.24,17.21,4971600,140.58,142.26,140.45,141.06,129.70,2337200
2022-12-30,265.54,266.89,262.60,266.84,258.51,1339500,18.09,18.18,17.85,18.01,17.00,4468300,140.54,140.90,139.45,140.89,129.54,2858000
2023-01-03,269.20,273.42,267.05,270.26,261.82,2250100,18.18,18.35,18.06,18.23,17.21,11041400,141.10,141.90,140.48,141.55,130.15,3338600
2023-01-04,273.43,274.98,267.01,269.34,260.93,2052400,17.94,18.17,17.86,18.10,17.08,10440400,142.07,143.62,141.37,142.60,131.11,3869200
2023-01-05,267.42,268.14,261.40,262.98,254.77,2477100,17.81,17.87,17.68,17.68,16.69,6420300,142.44,142.50,140.01,141.11,129.74,2866600
2023-01-06,263.98,270.49,261.37,269.21,260.81,1587000,17.53,17.84,17.47,17.81,16.81,8915600,142.38,144.25,141.58,143.70,132.12,3574000
2023-01-09,271.92,278.49,271.51,273.75,265.21,2181500,18.09,18.24,17.99,18.00,16.99,10778100,144.08,145.47,143.40,143.55,131.99,3987700
2023-01-10,273.34,276.29,271.27,274.93,266.35,1853000,17.93,17.94,17.69,17.83,16.83,9517600,143.61,144.85,142.90,144.80,133.14,2152100
2023-01-11,274.93,281.19,274.71,281.08,273.42,2382400,17.82,18.15,17.74,18.12,17.10,9032200,145.00,145.53,143.45,145.26,133.56,3268700
2023-01-12,282.74,287.97,282.37,283.84,276.11,2482500,18.52,18.61,18.06,18.40,17.37,10853600,144.88,146.66,144.52,145.55,133.83,2715900
2023-01-13,280.32,282.66,278.98,282.14,274.45,2226800,18.39,18.58,18.24,18.52,17.48,10388700,144.06,146.10,144.01,145.89,134.14,2455700
2023-01-17,283.04,287.75,282.34,284.88,277.12,2863700,18.62,18.88,18.62,18.67,17.62,7344100,146.42,147.18,145.01,145.19,133.49,2986500
2023-01-18,284.58,287.28,276.98,277.90,270.33,2192700,18.82,18.99,18.75,18.75,17.70,6338300,144.40,144.68,140.23,140.41,129.10,6445600
2023-01-19,277.28,278.95,272.59,272.89,265.45,2212500,18.78,18.92,18.75,18.81,17.75,4594600,140.00,142.23,139.75,140.62,129.29,4833900
2023-01-20,274.50,281.07,272.81,280.47,272.83,3306600,18.68,18.83,18.59,18.78,17.72,6126200,141.67,141.86,140.51,141.20,129.83,7153300
2023-01-23,278.56,282.87,277.43,279.34,271.73,2593300,18.91,19.11,18.82,19.05,17.98,4319100,141.40,142.99,141.06,141.86,130.43,5898400
2023-01-24,276.71,278.12,272.98,274.87,267.38,2205300,18.97,19.00,18.84,18.90,17.84,7045800,141.25,142.75,140.00,141.49,130.09,4407600
2023-01-25,270.74,273.75,265.66,273.16,265.72,2576300,18.73,18.74,18.54,18.62,17.57,8245400,140.47,141.03,139.36,140.76,129.42,7347500
2023-01-26,277.17,277.33,270.87,274.26,266.79,1942600,18.69,18.96,18.59,18.94,17.88,6245500,137.53,138.27,132.98,134.45,123.62,17548500
2023-01-27,273.26,279.42,272.94,277.27,269.71,2101100,18.62,18.76,18.50,18.66,17.61,5411100,134.44,135.49,133.77,134.39,123.56,8143100
2023-01-30,273.57,277.45,273.31,274.32,266.84,1732900,18.72,18.88,18.65,18.69,17.64,8848300,134.32,136.11,133.98,135.30,124.40,5375700
2023-01-31,274.94,279.05,273.91,279.05,271.45,1841800,18.62,18.80,18.54,18.80,17.74,7983100,135.50,135.65,133.76,134.73,123.88,7206400
2023-02-01,276.60,285.27,275.70,283.60,275.87,1797000,18.88,19.14,18.77,19.02,17.95,7845700,134.49,135.79,132.80,135.09,124.21,5428900
2023-02-02,289.42,295.79,286.86,294.10,286.09,2715900,19.40,19.54,19.28,19.51,18.41,10416900,135.96,136.72,134.85,136.39,125.40,6107800
2023-02-03,288.22,289.68,286.76,289.22,281.34,2168000,19.30,19.49,19.20,19.28,18.20,5482200,136.35,136.95,135.53,136.94,125.91,3755700
2023-02-06,286.00,287.80,283.44,284.48,276.73,1262400,18.91,18.99,18.75,18.82,17.76,7774000,135.83,136.32,134.95,136.18,125.21,4841300
2023-02-07,282.70,288.85,282.50,287.82,279.98,1401100,18.68,19.07,18.68,19.03,17.96,6590600,135.67,136.40,134.45,135.84,124.90,3737600
2023-02-08,285.88,289.18,283.98,284.71,276.95,1381800,19.25,19.34,19.13,19.16,18.08,5737300,135.71,136.74,135.16,135.98,125.03,4593700
2023-02-09,287.42,289.38,284.42,285.16,277.39,1752000,19.52,19.59,19.30,19.34,18.25,4725100,134.99,135.73,133.34,133.75,124.49,3918800
2023-02-10,281.70,284.57,281.02,283.96,276.22,1347600,19.29,19.38,19.03,19.16,18.08,11739400,133.78,135.77,133.50,135.60,126.21,5049600
2023-02-13,284.37,288.41,284.37,288.35,280.49,1284500,18.89,19.05,18.86,19.02,17.95,5610000,136.00,137.39,135.85,137.35,127.84,4403000
2023-02-14,285.47,288.14,283.35,284.77,277.01,1821100,19.06,19.24,18.95,19.12,18.05,6225500,137.05,137.24,135.05,136.01,126.59,3202200
2023-02-15,282.00,287.83,281.97,287.65,279.81,1890200,19.12,19.27,19.08,19.23,18.15,8592700,135.20,136.45,135.07,136.40,126.95,2506700
2023-02-16,283.03,285.46,278.64,281.22,273.56,1899200,19.11,19.29,19.07,19.12,18.05,6542000,135.57,135.97,134.59,135.00,125.65,2965500
2023-02-17,278.78,279.40,274.91,277.05,269.50,2722400,19.01,19.12,18.95,19.08,18.01,5695200,134.50,135.58,133.89,135.02,125.67,3466200
2023-02-21,272.00,273.15,268.78,269.15,261.82,2446200,18.81,19.01,18.78,18.79,17.73,11326500,134.00,134.39,131.66,131.71,122.59,4257200
2023-02-22,270.63,272.49,268.16,269.63,262.28,1823800,18.70,18.76,18.59,18.62,17.57,7887000,131.90,131.99,130.29,130.97,121.90,3200200
2023-02-23,270.77,272.30,267.81,271.23,263.84,1885500,18.63,18.78,18.54,18.70,17.65,7433600,131.50,131.70,128.86,130.79,121.73,3725600
2023-02-24,267.40,267.40,264.24,266.53,259.27,1735000,18.47,18.50,18.26,18.33,17.30,11821700,129.62,130.67,129.22,130.57,121.53,3015800
2023-02-27,268.91,269.99,265.47,266.25,258.99,1512900,18.19,18.28,18.11,18.16,17.14,6270100,131.42,131.87,130.13,130.49,121.45,2761300
2023-02-28,264.69,268.49,262.75,265.55,258.31,2160400,18.00,18.05,17.93,17.94,16.93,7969800,130.55,130.61,129.14,129.30,120.34,5143100
2023-03-01,265.01,265.97,261.75,263.59,256.41,1700500,18.09,18.11,17.89,18.02,17.01,4293700,128.90,129.47,127.74,128.19,119.31,3760700
2023-03-02,263.88,266.19,261.62,265.26,258.03,2278300,17.84,18.09,17.79,18.09,17.07,6263000,128.39,129.22,127.71,128.93,120.00,3340100
2023-03-03,267.91,269.72,265.99,269.20,261.86,1596100,18.14,18.18,17.92,18.18,17.16,6765200,129.35,129.91,128.77,129.64,120.66,2860300
2023-03-06,270.20,272.05,269.08,269.63,262.28,1649100,18.34,18.34,18.22,18.26,17.23,7383700,129.64,130.86,129.59,130.19,121.17,3131200
2023-03-07,269.22,270.04,263.71,264.20,257.00,2219300,18.25,18.32,18.12,18.22,17.20,5435600,130.28,130.42,128.19,128.25,119.37,3530400
2023-03-08,263.43,265.59,262.49,263.66,256.48,1462700,18.23,18.23,18.07,18.16,17.14,4737800,128.48,128.74,127.55,128.05,119.18,2778800
2023-03-09,265.83,266.70,258.72,259.76,252.68,1949800,17.97,18.09,17.72,17.72,16.72,6733900,128.30,128.53,125.98,126.16,117.42,5478300
2023-03-10,260.14,260.34,251.60,252.95,246.06,2924600,17.78,17.95,17.63,17.68,16.69,6763900,126.12,127.29,125.13,125.45,116.76,5990900
2023-03-13,253.11,255.26,249.24,251.31,244.46,3232100,17.25,17.51,16.97,17.27,16.30,13321500,125.15,128.19,124.85,125.58,116.88,8188400
2023-03-14,256.37,256.73,249.96,252.48,245.60,2925600,17.21,17.47,17.20,17.33,16.36,7397600,126.49,126.64,123.20,124.65,116.02,8114800
2023-03-15,247.96,247.97,242.80,246.17,239.46,4508000,16.89,17.01,16.74,16.93,15.98,14925800,122.99,123.35,121.71,123.28,114.74,5989300
2023-03-16,244.95,253.80,243.53,252.92,246.03,4119600,16.77,17.20,16.77,17.19,16.22,7402800,122.96,124.82,121.92,124.70,116.06,6438700
2023-03-17,254.33,255.73,248.42,250.00,243.19,6470800,17.07,17.12,16.86,16.89,15.94,15611100,124.08,124.52,122.93,123.69,115.12,37400200
2023-03-20,250.72,253.89,250.01,252.55,245.67,3182100,16.90,17.04,16.84,16.93,15.98,9583200,124.31,126.16,124.19,125.94,117.22,4588300
2023-03-21,254.88,258.50,253.94,257.62,250.60,2831200,16.84,16.91,16.68,16.89,15.94,13141400,126.90,127.15,125.66,126.57,117.80,3856300
2023-03-22,257.26,261.32,253.03,253.27,246.37,3059300,16.77,16.91,16.59,16.60,15.67,8451200,127.00,127.22,124.01,124.05,115.46,3549000
2023-03-23,259.45,274.61,259.30,271.66,264.26,5166900,16.86,17.06,16.66,16.94,15.99,14192500,123.81,124.93,122.60,123.37,114.83,4651900
2023-03-24,270.45,272.08,264.82,272.00,264.59,4123600,16.75,16.81,16.65,16.80,15.86,6230000,123.36,125.40,122.88,125.29,116.61,3812300
2023-03-27,270.73,274.36,270.64,273.96,266.49,3743800,16.90,17.04,16.83,17.02,16.06,11983600,126.47,130.26,126.47,129.31,120.35,6524100
2023-03-28,273.92,276.16,272.60,275.00,267.51,2869400,16.82,16.91,16.68,16.77,15.83,9638200,129.18,129.66,128.80,129.34,120.38,2888900
2023-03-29,276.00,280.26,276.00,279.94,272.31,2431500,16.83,16.98,16.81,16.96,16.01,7848700,130.12,130.35,129.18,129.71,120.73,3279600
2023-03-30,281.00,283.04,280.78,282.66,274.96,2293600,17.11,17.14,17.02,17.14,16.18,6290700,130.16,131.48,129.10,129.22,120.27,3561800
2023-03-31,283.12,285.96,282.61,285.81,278.02,3009300,17.43,17.46,17.25,17.44,16.46,8384400,129.47,131.23,129.42,131.09,122.01,4524700
2023-04-03,283.39,286.46,283.16,285.84,278.05,2417300,17.21,17.44,17.21,17.42,16.44,8446400,130.97,132.61,130.77,132.06,122.91,3840100
2023-04-04,284.44,287.43,284.22,285.84,278.05,2331700,17.43,17.46,17.34,17.37,16.39,7522300,131.99,132.15,130.89,131.60,122.49,3382800
2023-04-05,286.24,286.90,280.91,281.33,273.66,2443200,17.39,17.44,17.24,17.33,16.36,5559700,131.37,132.61,131.37,132.14,122.99,2898700
2023-04-06,280.66,282.24,278.86,281.70,274.02,2125300,17.30,17.37,17.15,17.25,16.28,6830800,132.16,132.60,130.32,130.50,121.46,3050600
2023-04-10,277.99,281.73,276.36,281.68,274.00,1575900,17.36,17.40,17.20,17.39,16.41,9204200,129.83,131.08,129.24,131.03,121.95,2614400
2023-04-11,283.01,287.66,282.55,286.33,278.53,3122500,17.23,17.45,17.18,17.45,16.47,11708400,130.58,131.10,130.18,130.42,121.39,3132400
2023-04-12,288.39,288.65,282.94,283.76,277.11,2656000,17.71,17.80,17.01,17.07,16.11,16959200,130.40,130.89,128.17,128.54,119.64,3957500
2023-04-13,283.00,285.42,279.72,285.27,278.59,3164200,15.87,15.97,15.33,15.40,14.53,40415000,128.01,128.39,126.00,127.90,119.04,5621500
2023-04-14,283.29,284.95,277.78,279.25,272.71,2871700,15.45,15.55,15.06,15.18,14.33,26028600,128.46,129.84,127.31,128.14,119.27,4180600
2023-04-17,278.78,281.82,278.78,279.98,273.42,2899000,15.07,15.29,15.05,15.19,14.34,17173000,128.30,128.72,126.80,127.82,118.97,3662700
2023-04-18,281.36,281.41,278.41,279.96,273.40,1893800,15.17,15.19,14.94,14.96,14.12,20768400,128.14,128.68,127.35,127.78,118.93,3193800
2023-04-19,278.80,280.00,277.51,279.90,273.34,2204700,14.83,14.92,14.76,14.82,13.99,19107300,126.50,126.98,125.30,126.32,117.57,7014400
2023-04-20,277.28,277.57,274.00,275.55,269.09,2686100,14.82,14.99,14.79,14.85,14.02,16901400,130.15,130.98,125.84,126.36,117.61,9749600
2023-04-21,275.73,277.83,275.40,276.33,269.86,1600700,14.91,14.96,14.84,14.87,14.03,6908400,126.00,126.70,125.27,125.73,117.02,6725400
2023-04-24,275.80,277.62,274.86,277.25,270.75,1359700,14.82,14.86,14.71,14.82,13.99,11751900,125.55,126.05,124.56,125.40,116.71,4043900
2023-04-25,275.86,276.71,270.59,270.70,264.36,1935400,14.88,14.88,14.78,14.79,13.96,14700200,124.90,126.19,124.76,125.89,117.17,4275400
2023-04-26,271.85,273.57,270.20,271.21,264.86,2009400,14.83,14.95,14.78,14.85,14.02,11181600,125.81,126.55,125.12,125.85,117.13,4070200
2023-04-27,273.85,276.49,270.83,275.45,269.00,1983600,15.08,15.34,15.08,15.31,14.45,11606400,126.37,127.02,125.46,126.97,118.18,3204900
2023-04-28,273.72,280.43,273.72,280.29,273.72,2084500,15.26,15.55,15.26,15.54,14.67,11666200,126.58,127.25,125.64,126.41,117.65,5060500
2023-05-01,279.09,279.91,277.45,279.42,272.87,1165600,15.50,15.53,15.43,15.49,14.62,7691400,126.35,126.75,126.06,126.09,117.36,2725000
2023-05-02,279.86,280.38,274.03,276.74,270.26,1728300,15.48,15.57,15.36,15.54,14.67,10433300,126.30,126.45,123.27,125.16,116.49,4445300
2023-05-03,278.12,279.58,274.82,275.18,268.73,1951200,15.52,15.58,15.35,15.38,14.52,9372300,125.46,125.57,123.26,123.45,114.90,4554200
2023-05-04,273.28,273.78,265.68,266.50,260.26,2586200,15.38,15.45,15.29,15.30,14.44,12316300,123.03,123.52,121.76,122.57,114.08,4468200
2023-05-05,269.22,270.38,264.39,265.65,259.43,2592100,15.24,15.28,15.17,15.25,14.39,11268800,123.11,124.10,122.81,123.65,115.09,4970800
2023-05-08,266.02,267.00,263.46,264.82,258.62,1843000,15.35,15.37,15.25,15.26,14.40,12112600,123.76,123.92,122.55,123.40,114.85,3663800
2023-05-09,262.95,264.49,261.68,263.48,257.31,2712000,15.25,15.29,15.21,15.27,14.41,12613800,121.90,121.97,120.66,121.17,114.32,4540000
2023-05-10,265.85,269.91,264.42,268.89,262.59,2800200,15.27,15.34,15.18,15.30,14.44,15541600,121.99,122.49,121.10,122.02,115.12,4189200
2023-05-11,270.31,272.44,268.18,272.27,265.89,2915700,15.20,15.20,15.01,15.03,14.19,15960000,122.02,122.24,120.55,120.90,114.06,3446500
2023-05-12,273.13,277.30,272.50,277.19,270.70,2664400,15.00,15.11,14.98,15.08,14.23,10854500,121.41,122.86,121.11,122.84,115.89,4560500
2023-05-15,276.31,278.53,274.62,277.51,271.01,2762700,15.13,15.38,15.08,15.34,14.48,8921200,123.00,123.69,122.34,123.36,116.38,2915700
2023-05-16,277.09,280.70,276.36,279.19,272.65,2079000,15.25,15.28,15.10,15.11,14.26,13214600,123.35,123.86,122.45,123.46,116.48,2748400
2023-05-17,281.19,286.37,280.23,284.63,277.96,2486600,15.00,15.22,15.00,15.19,14.34,7723900,123.94,125.85,123.47,125.71,118.60,4515100
2023-05-18,284.54,287.92,284.26,287.48,280.74,1869700,15.09,15.17,15.07,15.15,14.30,9384700,125.30,126.51,125.19,126.15,119.01,3797900
2023-05-19,288.60,291.35,287.35,289.91,283.12,2213300,15.29,15.40,15.24,15.25,14.39,7362100,126.79,128.29,126.55,127.26,120.06,4305800
2023-05-22,289.37,291.77,288.87,290.95,284.13,2044100,15.49,15.73,15.47,15.65,14.77,10336400,127.50,128.19,127.15,127.50,120.29,2806800
2023-05-23,289.16,291.04,287.12,288.10,281.35,2219800,15.56,15.64,15.51,15.53,14.66,7113800,127.24,129.09,127.13,128.18,120.93,4592300
2023-05-24,286.03,288.29,284.90,286.82,280.10,2815100,15.60,15.64,15.49,15.56,14.69,6913200,127.82,127.90,125.47,125.68,118.57,3915500
2023-05-25,288.51,293.15,285.18,291.76,284.92,3689600,15.74,15.76,15.52,15.66,14.78,9303400,125.61,127.23,125.01,126.76,119.59,4102900
2023-05-26,294.00,308.60,293.64,303.60,296.49,4578800,15.81,15.94,15.79,15.87,14.98,6331800,127.06,129.66,126.81,128.89,121.60,5612600
2023-05-30,306.21,318.91,305.00,308.43,301.20,6238600,15.89,15.95,15.83,15.90,15.01,6573500,129.56,130.07,128.26,129.48,122.16,3741100
2023-05-31,304.68,310.35,303.00,305.92,298.75,5270100,15.80,16.01,15.80,15.96,15.06,9041000,128.51,129.44,127.46,128.59,121.32,11590200
2023-06-01,305.73,306.09,300.09,305.20,298.05,2393700,15.79,15.90,15.67,15.83,15.14,7995900,128.44,130.15,127.78,129.82,122.48,4136100
2023-06-02,307.50,312.20,306.62,311.39,304.09,2272500,15.71,15.87,15.70,15.80,15.11,7581500,130.38,133.12,130.15,132.42,124.93,5373900
2023-06-05,305.34,307.40,301.89,304.45,297.32,3008000,15.67,15.71,15.34,15.40,14.73,14055500,133.12,133.58,132.27,132.64,125.14,3993500
2023-06-06,302.88,309.31,301.76,308.04,300.82,2419400,15.31,15.67,15.26,15.64,14.96,12480900,132.43,132.94,131.88,132.69,125.18,3298000
2023-06-07,309.48,312.00,307.16,311.03,303.74,2490000,15.64,15.70,15.53,15.64,14.96,7357300,132.50,134.44,132.19,134.38,126.78,5772000
2023-06-08,310.87,310.87,306.71,307.33,300.13,1870300,15.57,15.65,15.39,15.44,14.77,10270800,134.69,135.98,134.01,134.41,126.81,4128500
2023-06-09,309.13,311.17,306.64,308.72,301.49,2202600,15.32,15.52,15.30,15.45,14.78,8376100,134.36,136.10,134.17,135.30,127.65,3981500
2023-06-12,307.83,311.85,307.54,311.48,304.18,2642300,15.64,15.84,15.62,15.81,15.12,9468800,136.00,136.62,135.82,136.42,128.70,4494500
2023-06-13,315.32,317.47,313.39,315.16,307.78,3981900,15.93,15.94,15.70,15.85,15.16,5843500,136.51,138.17,136.00,137.60,129.82,3927300
2023-06-14,316.02,318.36,313.30,315.05,307.67,2421100,15.80,15.89,15.49,15.56,14.88,15595900,137.80,138.93,136.94,137.20,129.44,4514900
2023-06-15,319.18,325.08,315.34,323.77,316.18,3288900,15.47,15.66,15.41,15.62,14.94,9532800,137.27,138.80,137.18,138.40,130.57,3812600
2023-06-16,325.92,327.93,319.09,319.54,312.05,5266300,15.74,15.86,15.64,15.83,15.14,18245500,139.23,139.47,137.47,137.48,129.70,7473100
2023-06-20,317.26,320.64,315.01,317.40,309.96,3349400,15.81,15.84,15.57,15.64,14.96,7622000,136.36,137.23,135.89,135.96,128.27,4271300
2023-06-21,316.49,317.67,313.09,313.20,305.86,3121400,15.36,15.44,15.12,15.39,14.72,15032000,135.11,135.39,133.29,133.69,126.13,5501300
2023-06-22,298.21,307.57,296.00,307.25,300.05,4889000,15.21,15.51,15.18,15.47,14.80,11712900,131.68,132.96,130.68,131.17,123.75,6012800
2023-06-23,300.02,302.69,297.70,298.43,291.44,4233800,15.24,15.27,15.15,15.20,14.54,8481500,130.40,130.62,129.18,129.43,122.11,11324700
2023-06-26,296.59,300.86,296.51,297.41,290.44,2826900,15.31,15.54,15.30,15.50,14.83,8509100,129.39,131.41,129.31,131.34,123.91,4845600
2023-06-27,297.12,301.03,296.11,300.81,293.76,2054200,15.61,15.64,15.46,15.62,14.94,7913600,131.30,132.95,130.83,132.34,124.85,3219900
2023-06-28,300.48,302.15,297.78,301.72,294.65,2061700,15.68,15.77,15.55,15.75,15.07,7520300,132.06,132.17,130.91,131.76,124.31,2753800
2023-06-29,301.40,310.57,300.10,308.33,301.11,2739400,15.78,15.92,15.69,15.90,15.21,7992900,131.75,134.35,131.69,134.06,126.48,3639800
2023-06-30,309.49,312.69,308.33,308.58,301.35,2668500,16.17,16.26,16.02,16.07,15.37,12763900,134.69,135.03,133.43,133.81,126.24,4236400
2023-07-03,308.00,311.27,307.41,310.97,303.68,1172800,16.19,16.30,16.05,16.14,15.44,7111800,133.42,134.35,132.87,133.67,126.11,1477100
2023-07-05,306.14,311.98,305.03,309.90,302.64,1924800,16.15,16.37,16.13,16.26,15.55,13415500,133.32,134.31,132.59,134.24,126.65,2955100
2023-07-06,306.92,308.45,304.65,307.97,300.75,1375800,16.14,16.18,16.00,16.07,15.37,6464100,133.24,133.90,131.55,132.16,124.68,3507700
2023-07-07,306.73,311.26,305.28,305.76,298.60,1902800,16.00,16.18,16.00,16.05,15.35,5207600,131.78,133.85,131.75,132.08,124.61,2982400
2023-07-10,305.21,309.11,304.12,308.45,301.22,1684500,16.04,16.07,15.98,16.01,15.31,6775000,131.76,133.05,131.70,132.90,125.38,2369200
2023-07-11,308.45,310.80,305.83,309.72,302.46,1347800,16.26,16.28,16.15,16.24,15.53,7631500,133.66,134.56,133.23,134.44,126.83,2925200
2023-07-12,312.34,314.68,310.75,313.88,307.64,1788200,16.26,16.29,16.03,16.07,15.37,7102600,135.07,135.33,132.57,132.84,125.33,3732200
2023-07-13,315.00,316.49,314.28,315.21,308.94,1822700,16.58,16.85,16.58,16.79,16.06,13295300,133.51,135.07,133.36,133.92,126.34,3221400
2023-07-14,316.07,317.89,315.01,315.77,309.49,1295500,17.16,17.20,16.99,17.04,16.30,11539700,133.91,133.92,132.94,133.40,125.85,2860700
2023-07-17,315.68,320.73,315.01,319.78,313.42,2033400,17.05,17.31,17.03,17.29,16.54,12658400,133.26,134.61,133.10,134.24,126.65,3167400
2023-07-18,319.52,322.74,319.40,322.43,316.02,1574500,17.80,18.14,17.76,17.88,17.10,25346100,134.71,135.95,134.29,135.36,127.70,3852100
2023-07-19,323.00,324.19,318.70,318.80,312.46,2170900,17.81,17.95,17.64,17.71,16.94,21117700,135.53,136.45,135.19,135.48,127.82,5520000
2023-07-20,316.25,316.25,310.72,312.47,306.26,2097000,16.00,16.22,15.33,16.22,15.52,39518000,137.19,140.32,136.56,138.38,130.55,10896300
2023-07-21,313.19,316.49,312.55,314.80,308.54,3265700,16.19,16.47,16.09,16.30,15.59,15267400,138.21,139.78,137.76,138.94,131.08,5858600
2023-07-24,314.61,316.86,312.68,313.29,307.06,1341500,16.30,16.34,16.17,16.22,15.52,10331400,139.35,140.12,138.78,139.54,131.65,3475200
2023-07-25,313.47,319.40,313.02,317.59,311.27,2163900,16.23,16.44,16.23,16.38,15.67,7717900,139.42,140.43,139.04,140.33,132.39,3770800
2023-07-26,316.39,318.56,314.38,316.51,310.22,1512500,16.40,16.67,16.40,16.62,15.90,10006100,140.44,141.25,139.88,141.07,133.09,4046400
2023-07-27,320.00,323.56,317.95,318.82,312.48,2981200,16.64,16.78,16.61,16.63,15.91,11839800,142.30,143.38,141.90,142.97,134.88,6331600
2023-07-28,319.73,322.15,313.97,315.55,309.27,1920900,16.36,16.48,16.19,16.46,15.75,9072200,143.44,143.95,142.85,143.45,135.34,6686400
2023-07-31,315.00,318.38,315.00,316.35,310.06,1351400,16.62,16.75,16.60,16.66,15.94,6604000,143.81,144.60,143.53,144.18,136.02,6138100
2023-08-01,315.44,321.38,314.25,320.97,314.59,1913800,16.72,16.84,16.65,16.80,16.07,7462200,144.25,144.48,142.17,143.33,135.22,4797700
2023-08-02,317.54,320.92,316.69,317.78,311.46,1799700,16.54,16.60,16.43,16.52,15.80,11896400,142.78,144.30,142.31,144.17,136.01,4957400
2023-08-03,316.08,318.36,314.15,317.13,310.82,1355900,16.52,16.56,16.44,16.51,15.79,10134400,143.78,145.22,143.31,144.45,136.28,3951900
2023-08-04,315.58,317.88,311.25,312.00,305.80,2140600,16.68,16.88,16.64,16.71,15.98,7012200,145.09,146.09,143.99,144.24,136.08,4223100
2023-08-07,314.09,316.13,312.05,315.87,309.59,1530600,16.88,16.89,16.71,16.78,16.05,5533700,145.00,146.50,144.93,146.18,137.91,3438700
2023-08-08,312.93,315.30,309.62,315.15,308.88,1550300,16.70,16.77,16.58,16.77,16.04,6330600,145.70,146.15,144.11,145.91,137.66,4654600
2023-08-09,314.58,315.19,310.21,311.53,305.33,1504500,16.81,16.85,16.63,16.71,15.98,7998100,144.94,144.94,142.30,142.49,135.98,4072900
2023-08-10,311.50,314.82,308.87,310.41,304.24,1862400,16.78,17.00,16.78,16.87,16.14,9033300,143.04,144.58,142.69,143.25,136.70,4735800
2023-08-11,307.97,310.50,306.13,309.05,302.90,1351200,16.61,16.70,16.56,16.68,15.96,6831100,143.12,143.45,142.21,143.12,136.58,2526000
2023-08-14,308.04,312.47,307.76,311.71,305.51,1334200,16.80,16.95,16.74,16.86,16.13,5407200,143.05,143.37,141.80,141.91,135.42,4226400
2023-08-15,310.85,311.50,306.50,307.40,301.29,1256100,16.77,17.18,16.77,17.13,16.39,13343900,141.50,142.31,141.20,141.87,135.38,3656600
2023-08-16,305.55,310.40,305.26,307.64,301.52,1212500,17.21,17.31,17.07,17.13,16.39,8748900,141.70,142.09,140.56,140.64,134.21,3285300
2023-08-17,308.34,309.21,304.77,305.64,299.56,1653700,17.17,17.17,16.95,16.97,16.23,6166600,141.01,142.66,140.60,140.66,134.23,3742100
2023-08-18,302.84,304.84,301.31,302.94,296.92,1997100,16.71,16.76,16.60,16.72,15.99,5445600,140.00,141.83,139.76,141.41,134.95,3914700
2023-08-21,304.22,307.29,303.04,306.51,300.41,1072400,16.91,16.95,16.74,16.88,16.15,6993300,141.42,142.39,141.11,142.28,135.78,2937800
2023-08-22,309.60,310.93,307.87,308.90,302.76,1139700,16.96,17.10,16.94,16.99,16.25,4037600,142.66,143.23,141.30,141.49,135.02,3557500
2023-08-23,310.00,316.69,309.25,315.34,309.07,1486100,17.08,17.29,17.08,17.27,16.52,6097000,141.72,143.48,141.58,143.41,136.85,2559100
2023-08-24,316.40,317.85,313.64,314.14,307.89,2077500,17.30,17.34,17.09,17.13,16.39,4708800,143.51,144.47,143.22,143.55,136.99,2900200
2023-08-25,316.67,319.74,314.16,318.76,312.42,1451500,17.18,17.31,17.06,17.25,16.50,4662000,144.18,145.47,143.50,145.35,138.71,3660100
2023-08-28,318.76,322.24,318.74,320.91,314.53,1236400,17.26,17.40,17.25,17.33,16.58,5356600,145.41,146.74,145.21,146.02,139.35,3561100
2023-08-29,320.39,324.37,319.56,323.45,317.02,1525000,17.28,17.43,17.26,17.42,16.66,7928100,146.30,146.73,145.62,146.45,139.76,2778100
2023-08-30,323.81,323.92,321.51,323.25,316.82,1470400,17.47,17.59,17.45,17.55,16.79,4613400,146.42,146.92,145.75,146.86,140.15,2245400
2023-08-31,324.87,326.23,323.71,323.77,317.33,1986300,17.50,17.57,17.36,17.37,16.62,6511500,146.94,147.73,146.54,146.83,140.12,3885900
2023-09-01,326.05,328.72,325.10,327.74,321.22,1732700,17.52,17.58,17.45,17.52,16.76,5315100,147.26,148.10,146.92,147.94,141.18,2727500
2023-09-05,327.74,328.88,324.48,326.16,319.67,1736600,17.82,17.95,17.76,17.77,17.00,5746400,147.91,149.00,147.57,148.13,141.36,3731300
2023-09-06,324.25,327.74,323.71,326.30,319.81,1247900,17.69,17.75,17.55,17.58,16.82,5049300,147.66,148.33,147.12,148.06,141.29,2932200
2023-09-07,323.90,329.04,323.23,328.20,321.67,1533000,17.55,17.60,17.48,17.52,16.76,5920700,148.13,148.78,147.40,147.52,140.78,3332900
2023-09-08,329.53,330.44,324.53,325.47,319.00,1416800,17.62,17.76,17.58,17.75,16.98,5796800,147.35,148.59,147.26,147.68,140.93,3722800
2023-09-11,327.49,328.23,324.49,325.87,319.39,1551300,17.84,17.95,17.74,17.95,17.17,5196600,148.57,148.78,147.58,148.38,141.60,3273600
2023-09-12,321.45,322.49,313.11,314.89,308.63,3205000,18.04,18.18,18.01,18.06,17.28,6680000,147.92,148.00,145.80,146.30,139.61,4457700
2023-09-13,314.23,316.71,312.92,313.91,307.67,2496200,18.04,18.05,17.93,18.00,17.22,4102400,145.95,146.98,145.92,146.55,139.85,2627800
2023-09-14,315.63,316.99,313.30,316.59,310.29,1904000,18.11,18.18,18.03,18.11,17.32,2914100,147.38,147.73,146.48,147.35,140.61,2723100
2023-09-15,316.23,316.69,311.46,312.53,306.31,3335400,18.08,18.13,17.70,17.75,16.98,16969900,147.11,147.85,145.53,145.99,139.32,6231400
2023-09-18,312.00,316.75,311.00,315.88,309.60,1350700,17.75,17.88,17.71,17.76,16.99,3944300,145.77,146.48,145.06,145.09,138.46,2508100
2023-09-19,311.10,317.78,311.00,317.33,311.02,1898800,17.74,17.82,17.69,17.79,17.02,3171400,145.00,146.72,144.66,146.52,139.82,3945400
2023-09-20,318.75,323.32,316.45,316.80,310.50,1693100,17.96,18.11,17.88,17.89,17.11,4888100,148.36,151.93,148.13,149.83,142.98,9632400
2023-09-21,314.33,316.52,311.67,312.00,305.80,1911600,17.91,17.97,17.74,17.74,16.97,5630200,149.00,149.25,147.31,147.38,140.64,4944600
2023-09-22,314.04,318.66,312.93,316.09,309.80,1994400,17.89,17.95,17.74,17.78,17.01,5319300,147.41,148.10,146.82,146.91,140.19,2562000
2023-09-25,315.56,318.68,314.88,316.99,310.69,2054600,17.56,17.68,17.41,17.61,16.85,4992900,146.57,147.43,146.25,146.48,139.78,2694200
2023-09-26,312.72,314.49,308.73,310.61,304.43,2343600,17.43,17.50,17.25,17.27,16.52,5946500,145.51,146.17,143.02,143.24,136.69,4824700
2023-09-27,312.21,314.98,310.65,314.38,308.13,2435400,17.42,17.51,17.33,17.44,16.68,10292100,143.67,143.82,141.76,143.17,136.63,4439800
2023-09-28,301.75,306.69,294.49,300.77,294.79,4326800,17.04,17.15,16.72,16.96,16.22,18047500,142.14,142.28,140.21,141.58,135.11,5783200
2023-09-29,304.35,309.30,302.87,307.11,301.00,3171700,17.13,17.29,17.05,17.11,16.37,9559900,142.00,142.13,139.61,140.30,133.89,5703600
2023-10-02,307.57,308.46,305.11,308.26,302.13,2063300,17.03,17.19,17.03,17.18,16.43,4529900,140.04,141.45,139.86,140.80,134.36,3275300
2023-10-03,307.06,311.55,305.55,306.23,300.14,2454800,17.09,17.24,16.98,17.00,16.26,6775000,140.87,141.64,140.00,140.39,133.97,3284400
2023-10-04,310.74,311.00,306.87,309.39,303.24,2153800,17.19,17.45,17.16,17.44,16.68,7318800,140.37,141.20,139.99,141.07,134.62,2637600
2023-10-05,308.81,310.41,305.37,309.66,303.50,2095400,17.52,17.65,17.46,17.61,16.85,5069500,140.90,141.70,140.19,141.52,135.05,3223900
2023-10-06,308.28,315.11,306.72,312.19,305.98,2441500,17.59,17.86,17.54,17.79,17.02,5476600,141.40,142.94,140.11,142.03,135.54,3511100
2023-10-09,309.82,313.09,308.36,312.01,305.81,1407600,17.58,17.80,17.53,17.75,16.98,8642700,142.30,142.40,140.68,142.20,135.70,2354400
2023-10-10,313.36,315.43,311.56,312.32,306.11,1904600,17.85,18.00,17.78,17.85,17.07,11060900,142.60,143.42,141.72,142.11,135.61,3015800
2023-10-11,312.32,314.75,309.95,312.54,307.60,1298000,17.86,17.93,17.55,17.61,16.85,15897100,142.51,143.34,142.14,143.23,136.68,2511500
2023-10-12,311.79,311.79,304.21,304.36,299.54,2295500,16.40,16.89,16.21,16.46,15.75,26816400,142.51,142.93,140.95,141.24,134.78,3921100
2023-10-13,302.30,306.00,300.10,301.83,297.05,1672500,16.84,17.19,16.77,16.90,16.17,13208800,139.77,140.12,138.27,138.46,132.13,4582800
2023-10-16,304.02,307.83,301.95,305.34,300.51,1491600,16.97,17.30,16.97,17.21,16.46,7474100,139.28,139.78,138.52,139.21,132.85,3361500
2023-10-17,302.78,309.83,302.42,308.25,303.37,1576200,17.09,17.40,17.09,17.35,16.60,7210500,137.12,140.62,136.31,140.32,133.91,4172800
2023-10-18,306.72,309.37,303.31,303.77,298.96,1373800,17.18,17.28,17.10,17.14,16.40,6115500,140.00,140.43,139.58,139.97,133.57,3330000
2023-10-19,304.93,307.00,301.58,302.94,298.15,1384700,17.09,17.26,17.07,17.09,16.35,4830900,138.64,139.41,137.93,138.01,131.70,5314200
2023-10-20,302.38,302.92,295.93,297.00,292.30,2385700,17.00,17.18,16.93,16.97,16.23,5910200,138.15,139.27,137.12,137.16,130.89,4865300
2023-10-23,295.00,298.49,294.70,294.94,290.27,1314900,16.76,17.01,16.71,16.78,16.05,8505800,136.63,137.68,135.87,136.38,130.15,3457500
2023-10-24,296.27,298.00,294.05,296.09,291.41,1849200,16.67,16.82,16.65,16.78,16.26,5602500,136.74,137.98,136.05,137.79,131.49,3698000
2023-10-25,293.53,295.50,291.12,292.68,288.05,2174900,16.46,16.53,16.37,16.38,15.87,4727100,137.50,138.49,136.33,137.08,130.81,6472500
2023-10-26,293.81,295.90,290.37,292.04,287.42,2692500,16.39,16.47,16.27,16.32,15.81,6991300,142.20,144.41,141.58,143.76,137.19,11130200
2023-10-27,291.93,293.04,288.46,290.04,285.45,1480300,16.51,16.61,16.40,16.44,15.93,5591700,143.62,144.70,141.71,142.52,136.01,5469200
2023-10-30,291.74,293.82,289.66,292.70,288.07,1843500,16.50,16.56,16.39,16.50,15.99,5559700,143.19,144.50,142.58,142.63,136.11,4204100
2023-10-31,293.08,297.28,293.08,297.09,292.39,1953400,16.41,16.51,16.32,16.42,15.91,4663500,143.00,144.76,142.59,144.64,138.03,6591800
2023-11-01,298.17,302.18,298.17,300.64,295.88,1973000,16.30,16.41,16.27,16.40,15.89,5943300,145.00,146.51,144.45,145.40,138.75,4750100
2023-11-02,303.67,308.88,301.30,308.12,303.25,2152800,16.62,16.74,16.55,16.69,16.17,9262500,145.77,147.10,144.84,147.01,140.29,3902700
2023-11-03,309.64,316.73,309.01,313.49,308.53,2145600,16.80,16.85,16.67,16.68,16.16,8673700,147.45,148.45,147.28,147.90,141.14,3510100
2023-11-06,312.32,314.18,311.04,313.09,308.14,1426200,16.80,16.87,16.72,16.86,16.34,3979000,147.89,149.23,147.85,148.97,142.16,4597200
2023-11-07,313.00,318.37,312.71,315.19,310.20,1860400,16.80,16.85,16.71,16.79,16.27,2875500,149.03,149.28,148.03,148.83,142.03,3549900
2023-11-08,316.87,319.46,315.38,317.82,312.79,1815000,16.68,16.73,16.62,16.67,16.15,3314000,149.25,149.68,147.59,148.03,141.26,3618600
2023-11-09,317.28,317.39,313.45,314.22,309.25,1574900,16.54,16.58,16.34,16.36,15.85,7329500,146.55,146.99,145.28,146.62,141.50,3412700
2023-11-10,315.54,320.27,314.76,319.69,314.63,1433500,16.40,16.68,16.38,16.63,16.12,5099500,147.44,149.17,146.85,149.02,143.82,3179000
2023-11-13,316.01,316.96,314.31,315.63,310.64,1448600,16.45,16.61,16.42,16.55,16.04,4579800,148.46,148.49,147.35,148.10,142.93,2647200
2023-11-14,319.82,322.19,318.83,320.49,315.42,1823700,16.75,16.99,16.73,16.92,16.40,6902000,149.45,150.81,149.05,150.41,145.16,4321900
2023-11-15,319.62,325.72,318.74,325.50,320.35,2347100,16.97,17.36,16.97,17.36,16.82,10004100,150.40,153.22,150.40,152.58,147.26,4632500
2023-11-16,327.10,329.67,326.08,327.32,322.14,2142100,17.45,17.51,17.27,17.27,16.74,5859600,153.00,153.35,152.13,153.06,147.72,3519200
2023-11-17,327.66,328.93,326.22,327.83,322.64,1561500,17.31,17.52,17.27,17.51,16.97,4249400,153.29,153.50,152.46,152.89,147.56,4426500
2023-11-20,326.46,332.05,326.22,330.90,325.66,1413900,17.41,17.58,17.37,17.54,17.00,5052400,152.51,154.68,152.35,154.35,148.96,3658500
2023-11-21,331.30,332.44,328.76,330.26,325.03,1602800,17.47,17.55,17.41,17.44,16.90,4702200,154.60,154.66,153.51,153.91,148.54,2859500
2023-11-22,334.24,335.53,332.81,333.13,327.86,1425700,17.64,17.68,17.50,17.58,17.04,5435700,154.50,155.71,154.16,155.13,149.72,3044700
2023-11-24,333.15,334.90,332.09,334.04,328.76,708500,17.39,17.47,17.29,17.47,16.93,2743400,155.13,155.40,153.92,155.18,149.77,1799200
2023-11-27,333.82,334.43,332.19,332.43,327.17,1586900,17.34,17.42,17.27,17.37,16.83,3757400,154.99,156.14,154.75,155.57,150.14,4053100
2023-11-28,331.60,333.19,329.99,332.56,327.30,1377800,17.37,17.67,17.34,17.63,17.08,6783900,155.44,155.75,154.86,155.65,150.22,2666200
2023-11-29,335.00,335.80,332.78,333.34,328.07,1307300,17.74,17.75,17.60,17.62,17.07,6039100,156.15,157.51,156.02,156.41,150.95,3568900
2023-11-30,334.20,335.00,332.16,333.14,327.87,4298100,17.61,17.69,17.47,17.55,17.01,5541400,156.95,158.60,156.89,158.56,153.03,6740600
2023-12-01,333.80,338.50,333.16,338.06,332.71,1688000,17.47,17.75,17.43,17.73,17.18,4766000,158.41,160.59,158.00,160.55,154.95,4871000
2023-12-04,335.19,338.81,334.17,336.43,331.11,2349500,17.84,17.88,17.64,17.69,17.14,5588600,160.29,162.79,160.29,161.10,155.48,5779000
2023-12-05,334.63,337.33,333.31,335.83,330.52,1516500,17.59,17.71,17.39,17.46,16.92,5016100,160.76,162.47,160.72,161.39,155.76,4556700
2023-12-06,337.77,339.46,334.98,335.41,330.10,1502100,17.80,17.86,17.66,17.69,17.14,6891300,161.59,162.35,160.01,160.28,154.69,3555900
2023-12-07,336.56,336.56,334.22,335.10,329.80,1870200,17.67,17.71,17.58,17.64,17.09,3340000,161.00,161.47,159.97,160.22,154.63,3665500
2023-12-08,335.10,337.71,334.56,337.23,331.89,1274500,17.89,17.93,17.74,17.89,17.34,4581100,160.00,162.04,160.00,161.96,156.31,4560400
2023-12-11,335.21,342.39,335.20,342.31,336.89,1814100,17.81,17.89,17.32,17.41,16.87,8516800,162.68,163.65,161.95,163.51,157.81,6077200
2023-12-12,341.93,343.25,341.20,343.22,337.79,1935300,17.50,17.56,17.34,17.55,17.01,5521000,163.27,166.34,162.92,164.71,158.96,5292300
2023-12-13,343.40,345.20,339.87,343.64,338.20,2461000,17.39,17.47,17.29,17.47,16.93,9025600,164.37,164.97,162.74,163.62,157.91,4989100
2023-12-14,342.74,345.39,340.74,342.73,337.31,2551300,18.00,18.47,17.96,18.37,17.80,14029200,162.93,163.50,160.15,162.91,157.23,6129800
2023-12-15,338.44,346.96,336.25,344.15,338.71,3880200,18.93,18.98,18.63,18.67,18.09,8252300,162.30,164.09,162.04,162.23,156.57,11015600
2023-12-18,342.66,343.98,340.64,341.85,336.44,3208000,18.69,18.85,18.55,18.80,18.22,4898200,162.23,163.33,161.58,162.74,157.06,3677300
2023-12-19,332.73,344.80,332.02,341.51,336.11,3252800,18.68,18.95,18.68,18.79,18.21,5257800,161.80,162.28,161.32,161.56,155.92,3766600
2023-12-20,345.56,346.63,339.21,339.50,334.13,3406200,18.53,18.68,18.42,18.42,17.85,6181000,161.29,161.80,160.01,160.05,154.47,4865800
2023-12-21,340.17,349.50,340.17,348.75,343.23,3304200,18.50,18.56,18.18,18.41,17.84,7763900,160.59,161.08,159.53,160.78,155.17,2982900
2023-12-22,350.00,354.82,347.91,354.45,348.84,2313900,18.70,18.89,18.64,18.76,18.18,7018100,161.10,162.41,161.00,162.14,156.48,2439800
2023-12-26,354.14,354.93,351.51,353.43,347.84,1535700,18.64,18.67,18.37,18.45,17.88,3866200,162.23,163.31,162.05,163.21,157.52,1772400
2023-12-27,354.50,355.38,351.63,353.82,348.22,1309700,18.64,18.68,18.45,18.60,18.02,4338000,163.14,163.64,162.68,163.46,157.76,3234600
2023-12-28,354.14,354.50,351.25,351.59,346.03,1300800,18.61,18.68,18.53,18.56,17.99,3308700,163.96,163.96,163.40,163.75,158.04,2071300
2023-12-29,351.79,352.91,349.43,350.91,345.36,1233500,18.50,18.53,18.32,18.38,17.81,2864800,163.75,164.18,162.83,163.55,157.84,2525600
2024-01-02,348.19,350.30,345.29,346.92,341.43,2319500,18.24,18.28,18.02,18.08,17.52,8963600,162.83,163.29,160.46,161.50,155.87,3825000
2024-01-03,342.53,343.77,337.53,337.92,332.57,3060900,17.56,18.06,17.55,18.04,17.48,12408800,161.00,161.73,160.08,160.10,154.51,4086100
2024-01-04,337.92,339.80,336.53,337.09,331.76,2750600,18.20,18.27,18.01,18.07,17.51,6707600,160.22,161.81,160.17,160.86,155.25,3212000
2024-01-05,338.00,339.75,335.54,336.62,331.29,1510800,18.25,18.32,18.07,18.10,17.54,10479200,159.91,160.55,158.67,159.16,153.61,4199400
2024-01-08,335.00,340.47,335.00,340.35,334.97,1909500,18.10,18.42,18.09,18.40,17.83,7538600,158.69,161.22,157.89,161.14,155.52,3321700
2024-01-09,339.27,342.76,338.03,342.75,337.33,1625900,18.35,18.42,18.21,18.25,17.68,6106100,160.00,160.48,159.51,160.08,154.50,2617200
2024-01-10,344.58,345.63,342.78,345.33,339.87,1569100,18.28,18.31,17.98,18.10,17.54,13572600,160.28,161.34,159.74,161.23,155.60,2967800
2024-01-11,343.50,348.43,343.05,347.97,342.46,1785800,18.64,19.14,18.63,18.82,18.24,17927300,161.02,162.23,160.29,162.16,156.50,3778200
2024-01-12,350.00,357.66,348.71,356.33,350.69,2405900,19.41,20.06,19.41,19.60,18.99,21182400,162.97,165.98,162.35,165.80,160.02,4956400
2024-01-16,352.37,356.48,351.11,354.56,348.95,2097500,19.39,19.57,19.21,19.47,18.87,13410000,165.80,167.25,165.34,166.96,161.13,4869600
2024-01-17,351.81,357.33,351.81,353.65,349.33,1917100,19.56,19.71,19.47,19.54,18.94,11273100,166.79,167.82,165.50,166.08,160.29,4288600
2024-01-18,356.02,359.78,355.17,359.55,355.15,2064100,19.82,19.96,19.65,19.83,19.22,9891800,166.49,166.99,165.04,166.84,161.02,3776900
2024-01-19,361.53,364.82,360.12,363.90,359.45,2506200,19.80,20.03,19.73,19.99,19.37,7921000,170.59,171.58,169.18,171.48,165.50,6925800
2024-01-22,364.00,368.65,363.50,367.21,362.72,2302500,19.93,20.00,19.84,19.87,19.25,5823300,172.82,174.45,172.40,172.83,166.80,4926000
2024-01-23,367.36,370.00,365.64,369.86,365.34,1693100,19.70,19.95,19.61,19.79,19.18,8984900,172.90,174.02,172.48,173.94,167.87,3983500
2024-01-24,371.00,372.24,367.83,368.90,364.39,2250100,20.10,20.18,19.96,19.99,19.37,10476100,174.76,174.86,172.90,173.93,167.86,9097800
2024-01-25,372.38,375.73,370.12,371.94,367.39,2227400,20.00,20.16,19.86,20.09,19.47,7290500,184.96,196.90,184.83,190.43,183.79,29596200
2024-01-26,371.92,374.14,369.81,371.07,366.53,1404800,20.16,20.37,20.12,20.22,19.59,5696300,191.31,192.39,186.16,187.42,180.88,9895900
2024-01-29,370.52,375.43,370.08,373.35,368.78,1683100,20.15,20.17,20.07,20.17,19.55,5283800,187.46,189.46,186.05,187.14,180.61,6107900
2024-01-30,374.00,375.25,370.98,371.30,366.76,1849500,20.03,20.07,19.86,19.95,19.33,6409700,187.71,188.65,186.77,187.87,181.32,4575100
2024-01-31,371.00,372.72,363.44,363.88,359.43,2320100,20.04,20.15,19.85,19.86,19.25,6594300,187.05,187.65,183.14,183.66,177.25,8876100
2024-02-01,364.00,371.21,363.45,370.91,366.37,1500000,19.86,20.22,19.83,20.19,19.56,8251300,183.63,187.51,182.71,186.90,180.38,4669400
2024-02-02,372.19,374.81,369.48,372.95,368.39,1590500,20.33,20.49,20.20,20.35,19.72,6117900,187.10,187.39,185.62,185.79,179.31,4054200
2024-02-05,372.50,374.00,369.07,370.34,365.81,1787300,20.32,20.35,20.20,20.30,19.67,3604800,185.51,185.78,183.26,183.42,177.02,4379600
2024-02-06,370.52,371.71,362.40,364.70,360.24,4012000,20.65,20.74,20.50,20.61,19.97,7549400,183.55,184.68,183.04,183.41,177.01,3337600
2024-02-07,365.00,369.92,364.12,366.65,362.17,2531800,20.31,20.48,20.13,20.43,19.80,5739100,183.34,184.02,182.63,183.74,177.33,4841200
2024-02-08,367.68,369.47,366.92,368.48,363.97,1679800,20.43,20.51,20.17,20.19,19.56,6885700,182.63,184.55,181.49,184.36,179.55,5161200
2024-02-09,369.25,372.48,367.95,371.67,367.13,1482600,20.15,20.25,20.05,20.10,19.48,5895300,184.44,187.18,183.85,186.34,181.48,5064600
2024-02-12,369.49,370.40,366.18,367.43,362.94,1325000,20.09,20.24,20.09,20.14,19.52,4253200,185.90,186.48,184.03,186.16,181.30,4724000
2024-02-13,361.41,365.76,360.00,362.81,358.37,1696900,19.92,20.01,19.81,19.86,19.25,6914100,184.28,184.77,182.36,183.70,178.91,4290500
2024-02-14,366.24,371.19,366.24,370.98,366.44,2114600,20.06,20.20,19.99,20.18,19.56,7591100,185.00,185.00,182.26,183.57,178.78,3173400
2024-02-15,372.59,374.56,370.14,371.51,366.97,2358800,20.27,20.33,20.19,20.31,19.68,5247500,183.62,186.98,183.62,186.87,181.99,4714300
2024-02-16,372.30,373.43,368.35,369.48,364.96,2410200,20.35,20.58,20.26,20.47,19.84,5516600,186.63,188.95,185.95,187.64,182.74,4841900
2024-02-20,369.88,370.00,361.44,362.95,358.51,1631000,20.28,20.40,19.99,20.02,19.40,7587200,187.64,188.77,183.06,183.44,178.65,4247200
2024-02-21,360.34,362.38,358.97,360.91,356.50,1758000,19.79,19.94,19.68,19.78,19.17,6192500,182.56,183.03,178.75,179.70,175.01,4728500
2024-02-22,369.72,372.19,368.40,371.31,366.77,1614600,20.20,20.36,20.14,20.31,19.68,6590200,182.45,184.55,181.93,184.21,179.40,5078400
2024-02-23,373.99,377.97,372.83,377.32,372.71,1614500,20.21,20.26,20.10,20.11,19.49,4228200,184.90,186.46,184.57,185.72,180.87,3433800
2024-02-26,376.86,380.30,376.86,377.48,372.86,1455000,19.93,20.03,19.83,19.99,19.37,5145700,185.60,186.13,184.06,184.13,179.33,4620800
2024-02-27,377.00,379.75,374.90,377.91,373.29,1083200,19.98,20.06,19.93,20.00,19.38,2751500,184.16,185.13,182.62,184.87,180.05,3641400
2024-02-28,378.24,379.49,375.21,378.03,373.41,1264200,19.95,19.96,19.81,19.95,19.33,4344500,184.63,185.37,183.55,185.30,180.47,3216300
2024-02-29,380.40,380.40,374.15,374.78,370.20,3329500,20.03,20.09,19.93,19.96,19.34,6256900,186.15,186.85,184.69,185.03,180.20,6458500
2024-03-01,375.80,382.00,375.80,380.99,376.33,2109900,19.92,19.92,19.76,19.83,19.22,6151800,185.49,188.38,185.18,188.20,183.29,4017300
2024-03-04,382.31,386.98,381.61,383.71,379.02,1642900,19.64,19.81,19.50,19.80,19.19,6821800,187.76,193.90,187.60,193.06,188.02,7938300
2024-03-05,381.54,384.16,373.96,376.88,372.27,1539400,19.39,19.49,19.22,19.29,18.69,7522600,192.00,193.94,190.57,191.95,186.94,5653600
2024-03-06,380.00,383.06,377.80,380.83,376.17,1451200,19.52,19.62,19.30,19.33,18.73,9226500,193.50,198.13,192.96,196.16,191.04,6945800
2024-03-07,384.65,387.51,383.70,386.91,382.18,1564300,19.50,19.52,19.34,19.39,18.79,11084100,197.58,198.73,196.14,196.54,191.41,4604500
2024-03-08,386.69,387.51,377.73,378.17,373.55,1641100,19.40,19.45,19.25,19.26,18.66,8183300,196.06,197.77,194.38,195.95,190.84,3942500
2024-03-11,374.38,375.56,367.07,373.22,368.66,2220000,19.21,19.30,19.17,19.22,18.62,8544100,195.09,195.38,190.88,191.73,186.73,4725100
2024-03-12,375.00,382.42,374.85,380.48,375.83,1793700,19.43,19.57,19.35,19.42,18.82,11415900,192.46,199.18,192.15,197.78,192.62,5880100
2024-03-13,379.50,381.18,377.71,378.72,374.09,1635800,19.35,19.45,19.29,19.39,18.79,7171000,197.55,198.10,195.32,196.70,191.57,3993300
2024-03-14,380.98,381.49,376.56,378.21,373.59,1706700,19.80,19.91,19.57,19.66,19.05,8476900,196.95,197.75,192.12,193.43,188.38,4109600
2024-03-15,368.79,375.14,366.87,374.60,370.02,3865400,19.62,19.66,19.22,19.23,18.63,13296100,191.99,193.06,190.70,191.07,186.09,8827900
2024-03-18,378.76,378.94,372.18,372.67,368.11,2164400,19.19,19.23,19.07,19.17,18.58,6324200,191.70,193.23,190.32,191.69,186.69,5410600
2024-03-19,373.49,378.33,371.03,378.08,373.46,2062800,18.69,18.85,18.63,18.85,18.27,9561000,191.49,193.58,190.28,193.34,188.30,5317300
2024-03-20,378.03,381.27,375.20,380.44,375.79,2877600,18.67,18.93,18.64,18.93,18.34,9677300,192.87,193.98,191.31,193.96,188.90,3238600
2024-03-21,363.99,369.03,342.28,345.03,340.81,9574800,18.35,18.49,18.13,18.21,17.65,22905000,193.00,193.37,190.01,191.90,186.89,6013600
2024-03-22,350.33,350.47,335.79,337.50,333.37,5899300,18.11,18.12,17.69,17.72,17.17,15028500,192.00,192.99,190.51,190.84,185.86,3987700
2024-03-25,336.01,336.01,329.69,333.82,329.74,5320000,17.79,17.79,17.59,17.63,17.08,12454500,190.26,190.82,188.75,188.79,183.86,3718300
2024-03-26,335.14,337.84,334.34,336.39,332.28,3006500,17.71,17.82,17.64,17.75,17.20,10500900,189.02,190.00,188.50,188.50,183.58,4229500
2024-03-27,337.88,342.36,337.88,340.94,336.77,3295200,17.83,17.84,17.68,17.79,17.24,6074600,189.60,190.96,188.60,190.80,185.82,3693300
2024-03-28,341.42,346.98,340.84,346.61,342.37,3614900,17.79,17.99,17.79,17.93,17.37,7019600,190.94,191.93,190.34,190.96,185.98,3742200
2024-04-01,344.86,345.00,338.07,339.17,335.02,2320200,17.89,17.92,17.50,17.58,17.04,14601600,190.00,190.46,188.52,189.83,184.88,2364300
2024-04-02,336.67,338.88,333.00,336.46,332.35,2453300,17.43,17.61,17.39,17.58,17.04,12687000,189.14,189.80,187.60,188.88,183.95,2693500
2024-04-03,336.24,337.19,331.89,332.28,328.22,1975700,17.55,17.82,17.52,17.72,17.17,8871400,188.60,191.35,188.49,190.90,185.92,2826200
2024-04-04,334.12,337.99,330.17,330.47,326.43,2273000,17.74,18.02,17.65,17.75,17.20,12716500,192.00,193.28,187.34,187.94,183.04,2983900
2024-04-05,331.53,333.82,330.33,333.00,328.93,3694700,17.70,17.85,17.65,17.83,17.28,5967200,188.59,190.32,188.02,189.14,184.21,2013600
2024-04-08,334.03,335.00,331.68,331.80,327.74,2431900,17.74,17.96,17.73,17.86,17.31,8716600,189.24,190.24,188.91,189.82,184.87,2678300
2024-04-09,333.65,334.87,329.82,334.45,330.36,2416600,18.03,18.27,18.01,18.19,17.63,13467900,190.54,191.25,186.66,189.31,184.37,2794200
2024-04-10,328.35,329.52,323.64,324.40,321.67,2156700,18.00,18.08,17.86,18.00,17.44,11553000,187.42,187.92,185.52,186.04,181.19,3081700
2024-04-11,326.05,327.00,323.26,325.19,322.46,2204200,18.14,18.14,17.85,17.94,17.38,13389200,186.04,186.80,184.58,185.90,181.05,2861700
2024-04-12,320.97,322.50,313.19,315.40,312.75,4207400,17.78,17.86,17.53,17.72,17.17,17657700,184.00,185.17,181.69,182.27,177.51,3545100
2024-04-15,316.05,321.60,312.18,313.27,310.64,2997900,17.69,17.71,17.26,17.27,16.74,11374300,185.57,187.48,180.88,181.25,176.52,3528100
2024-04-16,315.14,315.64,311.84,313.94,311.30,2900300,16.98,17.19,16.98,17.05,16.52,13033300,185.59,185.71,182.86,183.75,178.96,4473700
2024-04-17,316.87,317.02,312.61,314.54,311.90,2760000,17.14,17.18,16.87,16.95,16.43,17034100,184.16,184.67,181.78,183.10,178.32,3003000
2024-04-18,312.63,317.77,312.01,316.00,313.34,3025100,16.26,16.90,16.04,16.51,16.00,31702900,182.35,183.46,180.17,181.47,176.74,2886700
2024-04-19,317.86,318.55,314.60,316.88,314.22,3381500,16.76,16.95,16.68,16.81,16.29,16181900,182.43,182.80,180.57,181.58,176.84,3037600
2024-04-22,318.54,319.06,315.50,317.42,314.75,2433300,17.05,17.39,16.96,17.30,16.76,19944700,182.45,183.32,180.45,181.90,177.15,3076500
2024-04-23,318.48,319.81,316.49,316.83,314.17,2000300,17.30,17.37,17.13,17.16,16.63,8832400,182.73,184.68,179.00,182.19,177.44,5950200
2024-04-24,315.84,315.84,310.69,313.54,310.91,4133800,17.16,17.23,16.93,17.04,16.51,10685000,183.17,184.29,181.40,184.10,179.30,7616600
2024-04-25,309.19,310.24,305.35,309.00,306.40,3639000,17.02,17.10,16.83,17.01,16.48,10657300,168.20,172.45,165.66,168.91,164.50,16702200
2024-04-26,309.41,309.49,307.27,308.01,305.42,3371800,17.11,17.13,16.88,16.94,16.42,8845000,167.50,167.87,165.73,167.13,162.77,8983800
2024-04-29,307.06,308.62,302.50,303.16,300.61,4719100,16.95,17.09,16.93,16.97,16.44,7426500,167.40,168.22,166.23,167.43,163.06,5242200
2024-04-30,302.00,303.01,299.68,300.91,298.38,5225000,16.93,16.95,16.71,16.71,16.19,11349100,166.49,166.76,165.26,166.20,161.86,6011600
2024-05-01,300.13,303.49,298.10,298.66,296.15,2617200,16.72,16.89,16.68,16.77,16.25,6966200,165.69,166.27,164.30,164.43,160.14,4029900
2024-05-02,300.76,303.33,298.27,300.34,297.82,2684200,16.85,16.91,16.63,16.87,16.35,8716700,164.35,164.88,162.62,164.69,160.39,3829900
2024-05-03,302.52,304.96,301.67,303.71,301.16,2767100,16.92,16.99,16.86,16.93,16.41,4035300,165.00,166.61,164.92,165.71,161.39,3400400
2024-05-06,305.17,306.79,303.27,306.06,303.49,2361300,17.00,17.04,16.95,16.97,16.44,4209700,166.50,168.67,166.38,168.61,164.21,4222300
2024-05-07,307.90,312.15,307.60,310.66,308.05,2483600,17.06,17.19,16.99,17.13,16.60,8843200,169.00,169.29,167.94,168.38,163.99,3155300
2024-05-08,310.12,313.40,310.12,311.99,309.37,2296400,16.99,17.14,16.90,17.09,16.56,4739100,168.01,170.26,167.90,169.90,165.47,3522000
2024-05-09,307.00,308.21,302.92,306.61,304.03,3238100,17.04,17.06,16.89,16.97,16.44,12308400,167.50,167.55,165.88,166.27,163.54,4266600
2024-05-10,308.00,309.26,306.06,306.33,303.76,1786900,16.94,16.96,16.79,16.87,16.35,10340700,167.13,168.07,166.32,167.15,164.41,2255400
2024-05-13,308.15,308.80,306.88,307.41,304.83,1695000,16.94,17.04,16.89,16.92,16.40,5923300,167.50,168.06,166.76,167.56,164.81,2414900
2024-05-14,308.90,312.29,306.22,306.95,304.37,1813600,17.00,17.01,16.86,16.95,16.43,9395500,167.86,168.13,166.48,167.36,164.61,2601000
2024-05-15,305.00,308.52,301.44,308.52,305.93,4230800,17.02,17.13,16.86,17.05,16.52,4019700,167.94,168.35,167.34,168.26,165.50,4468800
2024-05-16,309.66,310.59,306.75,308.00,305.41,2583100,17.21,17.29,17.15,17.24,16.71,10753400,168.26,169.63,167.79,168.97,166.20,3492300
2024-05-17,309.74,310.00,300.01,303.59,301.04,4232000,17.15,17.17,17.02,17.13,16.60,7986000,168.97,169.11,167.33,169.03,166.25,2956400
2024-05-20,303.51,307.07,301.61,305.70,303.13,2418000,17.16,17.22,17.11,17.13,16.60,6096100,169.00,170.16,168.38,169.92,167.13,2726300
2024-05-21,306.79,307.15,302.96,303.64,301.09,1866500,17.06,17.11,17.00,17.01,16.48,7889700,169.94,174.97,169.94,173.47,170.62,6459800
2024-05-22,303.96,308.19,303.69,307.11,304.53,2432400,17.26,17.31,17.19,17.27,16.74,8385600,173.39,174.99,172.76,173.69,170.84,3294900
2024-05-23,310.14,310.99,304.56,305.93,303.36,2526100,17.44,17.52,17.37,17.40,16.86,9249300,175.39,175.46,170.44,170.67,167.87,3341300
2024-05-24,306.89,307.46,300.33,300.99,298.46,2048200,17.40,17.48,17.33,17.36,16.82,9241000,171.48,172.01,170.21,170.89,168.08,2587400
2024-05-28,299.37,300.32,295.82,297.73,295.23,3530200,17.31,17.39,17.27,17.32,16.78,11508000,170.44,171.09,168.65,169.66,166.87,2629500
2024-05-29,294.15,296.10,291.01,293.77,291.30,4480000,17.12,17.15,17.00,17.03,16.50,8563800,168.00,168.63,166.21,167.05,164.31,4206600
2024-05-30,289.97,290.50,284.29,284.80,282.41,5007800,16.91,16.96,16.77,16.87,16.35,11351700,165.56,166.73,164.23,165.63,162.91,3853000
2024-05-31,284.80,285.39,278.69,282.29,279.92,6882000,16.73,16.82,16.43,16.75,16.56,14253800,165.70,166.97,163.84,166.85,164.11,4905000
2024-06-03,286.35,287.52,280.71,281.76,279.39,3596600,16.87,16.90,16.68,16.85,16.66,8585300,166.54,166.78,163.53,165.28,162.57,2776100
2024-06-04,281.76,288.88,280.34,288.06,285.64,3498600,16.69,16.80,16.56,16.80,16.61,8822800,164.60,166.40,163.88,165.81,163.09,2594200
2024-06-05,288.26,292.31,288.06,291.02,288.57,3002200,17.09,17.18,17.00,17.15,16.96,7513200,166.41,167.79,165.78,167.38,164.63,3049400
2024-06-06,291.20,293.87,290.60,291.74,289.29,2363200,17.43,17.55,17.39,17.54,17.34,7386000,167.38,168.44,166.80,168.20,165.44,2207100
2024-06-07,291.44,291.81,288.15,288.40,285.98,2626900,18.06,18.17,17.91,18.01,17.81,11158200,168.18,171.31,168.06,170.01,167.22,3475500
2024-06-10,287.38,290.52,287.00,290.43,287.99,2509900,17.71,17.87,17.65,17.84,17.64,6404300,169.55,170.76,168.88,170.38,167.58,3444700
2024-06-11,290.12,294.31,288.79,294.22,291.75,2457600,17.81,17.82,17.60,17.79,17.59,5756500,169.98,170.00,166.81,169.32,166.54,2951300
2024-06-12,291.63,294.15,285.44,285.73,283.33,3749600,17.80,17.91,17.75,17.86,17.66,6033900,171.35,172.47,168.10,169.00,166.22,3522700
2024-06-13,287.67,289.55,282.09,282.32,279.95,3119200,17.85,17.90,17.74,17.81,17.61,6851000,169.01,169.59,168.34,169.12,166.34,3525700
2024-06-14,281.41,286.95,280.71,286.71,284.30,2966200,17.68,17.81,17.62,17.79,17.59,6694600,168.29,169.47,167.23,169.21,166.43,2777700
2024-06-17,286.23,288.60,283.95,285.53,283.13,3559600,17.77,17.99,17.73,17.94,17.74,6348700,168.76,169.72,167.50,169.50,166.72,3239800
2024-06-18,285.31,289.91,284.39,285.35,282.95,5314900,17.98,18.07,17.88,17.91,17.71,10828100,170.00,170.75,168.38,170.55,167.75,3386400
2024-06-20,314.63,317.73,298.00,306.16,303.59,11374600,18.42,18.48,18.16,18.27,18.06,17345600,174.08,174.28,171.22,173.92,171.06,4723100
2024-06-21,307.03,310.35,302.58,308.98,306.38,8481800,18.21,18.24,17.90,18.06,17.86,22822100,173.97,174.96,171.40,172.46,169.63,10182000
2024-06-24,305.36,312.37,304.68,307.21,304.63,4399600,17.99,18.19,17.96,18.14,17.93,5758800,175.00,178.46,174.15,175.01,172.14,4864700
2024-06-25,307.98,310.00,305.43,307.17,304.59,4498700,18.26,18.36,18.16,18.34,18.13,8733100,175.14,175.75,171.42,172.60,169.77,4119300
2024-06-26,299.92,305.74,299.43,304.62,302.06,3162100,18.29,18.35,18.16,18.22,18.01,8693400,171.28,172.68,170.41,171.87,169.05,2779000
2024-06-27,305.00,305.46,301.46,303.19,300.64,3162000,18.62,18.70,18.55,18.63,18.42,8949300,171.12,172.50,170.48,170.85,168.04,2894000
2024-06-28,303.54,305.55,301.65,303.41,300.86,14905500,18.69,18.74,18.54,18.62,18.41,9520300,170.85,173.46,170.53,172.95,170.11,4193300
2024-07-01,303.73,304.36,299.60,302.55,300.01,2411100,18.88,18.95,18.71,18.76,18.55,8064200,173.45,176.46,173.38,175.10,172.22,3321000
2024-07-02,300.93,304.00,300.93,303.83,301.28,2177200,19.10,19.26,19.04,19.23,19.01,10531700,174.84,177.49,174.32,177.30,174.39,2883300
2024-07-03,304.75,306.89,303.98,305.75,303.18,1751200,19.29,19.43,19.28,19.37,19.15,7252400,177.88,177.98,175.17,175.73,172.84,1649000
2024-07-05,304.91,305.70,297.68,299.14,296.63,3158900,19.45,19.57,19.35,19.43,19.21,7709600,175.74,176.09,173.95,176.02,173.13,2086000
2024-07-08,300.46,301.95,295.60,299.47,296.95,2557700,19.61,19.63,19.47,19.50,19.28,10910900,176.41,178.59,176.01,177.64,174.72,2503000
2024-07-09,299.09,299.15,294.48,298.06,295.56,2479200,19.58,19.59,19.29,19.30,19.08,12586700,177.60,177.70,175.58,176.48,173.58,2512700
2024-07-10,296.90,298.00,290.53,295.44,292.96,2283500,19.45,19.51,19.16,19.37,19.15,16768700,176.60,178.22,174.45,177.84,174.92,3462200
2024-07-11,295.44,302.18,293.98,297.99,296.78,2988000,19.64,20.07,19.59,19.89,19.66,14459300,177.65,179.44,176.62,178.31,175.38,2806800
2024-07-12,299.59,312.02,299.03,310.63,309.37,3951600,20.16,20.46,20.13,20.40,20.17,10583500,178.56,184.16,178.50,182.83,179.83,4785600
2024-07-15,312.67,319.37,312.67,317.87,316.58,3866200,20.17,20.41,20.17,20.31,20.08,11641700,183.38,184.90,182.60,182.88,179.88,2925700
2024-07-16,318.38,325.15,318.03,325.00,323.68,3640500,20.51,20.66,20.47,20.66,20.43,7137500,184.67,186.60,184.52,185.81,182.76,3374500
2024-07-17,325.95,328.57,323.62,325.60,324.28,4383900,20.54,20.68,20.46,20.53,20.30,14389200,185.44,187.94,185.07,187.45,184.37,4225300
2024-07-18,329.41,336.25,327.84,328.10,326.77,4563600,21.66,22.61,21.52,22.25,22.00,42176100,186.64,189.47,185.10,185.22,182.18,3487800
2024-07-19,331.09,335.79,327.71,329.19,327.86,5376200,21.31,21.87,21.31,21.68,21.43,16443500,186.33,187.00,181.95,183.25,180.24,3816000
2024-07-22,330.72,332.82,329.72,331.51,330.17,3419300,21.68,21.79,21.46,21.79,21.54,8459600,183.40,184.97,182.86,184.15,181.13,2488500
2024-07-23,331.43,332.20,327.97,330.33,328.99,1994000,21.86,22.10,21.73,22.08,21.83,9992300,184.36,185.38,183.01,184.10,181.08,2180200
2024-07-24,329.38,332.54,328.14,328.68,327.35,3286500,21.87,22.11,21.83,21.86,21.61,7859100,184.14,185.07,183.15,184.02,181.00,6962100
2024-07-25,325.59,335.69,323.34,330.12,328.78,2764500,21.79,22.13,21.79,22.01,21.76,11403500,186.80,196.26,185.30,191.98,188.83,9532800
2024-07-26,325.92,329.81,325.21,328.46,327.13,2438200,22.46,22.94,22.44,22.79,22.53,15980100,190.51,193.57,189.62,191.75,188.60,4294900
2024-07-29,328.66,328.98,323.87,326.20,324.88,1629200,22.63,22.72,22.51,22.60,22.34,8940800,193.18,193.29,189.18,191.50,188.36,3336800
2024-07-30,327.49,330.45,326.95,329.20,327.87,1985400,22.55,22.68,22.50,22.61,22.35,6682900,191.48,192.77,189.09,191.04,187.90,3065000
2024-07-31,331.64,333.93,329.04,330.62,329.28,2606300,22.57,22.65,21.75,22.13,21.88,18250700,191.00,194.55,189.99,192.14,188.98,5558400
2024-08-01,333.88,338.92,326.42,328.08,326.75,2538100,22.29,22.44,22.17,22.30,22.05,10759600,192.81,193.64,188.29,189.66,186.55,4085400
2024-08-02,324.99,326.68,320.35,323.15,321.84,2682700,21.83,21.85,21.48,21.77,21.52,10940900,188.78,189.26,185.70,189.12,186.01,4548800
2024-08-05,311.61,317.87,310.23,313.74,312.47,3186500,20.54,21.03,20.38,20.80,20.56,14844400,184.55,185.26,181.81,183.31,180.30,4975000
2024-08-06,317.00,322.66,315.72,318.68,317.39,2284200,20.97,21.09,20.89,20.99,20.75,9996700,184.70,188.90,183.64,186.80,183.73,3632500
2024-08-07,319.95,325.74,317.93,318.02,316.73,2327700,21.29,21.43,20.95,20.97,20.73,8944600,188.08,189.87,186.70,186.80,183.73,3801900
2024-08-08,315.30,319.51,314.47,315.88,314.60,2213700,20.90,21.17,20.88,21.14,20.90,8243300,187.50,192.88,187.00,192.61,189.45,3712700
2024-08-09,316.20,317.32,313.22,315.83,314.55,1851300,21.23,21.42,21.14,21.30,21.06,7794500,191.18,192.63,189.04,191.45,189.95,2773700
2024-08-12,315.47,317.47,312.74,313.96,312.69,2276500,21.31,21.45,21.21,21.31,21.07,11669500,191.25,191.58,189.00,189.48,188.00,2290300
2024-08-13,316.11,320.18,315.13,319.33,318.04,2269600,21.38,21.67,21.38,21.59,21.35,7691800,190.29,191.31,189.21,190.99,189.50,2178900
2024-08-14,320.00,322.07,318.02,319.83,318.53,1404600,21.61,21.77,21.56,21.75,21.50,5350300,191.15,193.09,190.73,192.32,190.82,1895100
2024-08-15,322.28,325.21,321.94,325.13,323.81,2271600,21.89,22.00,21.81,21.83,21.58,6838200,193.51,194.25,193.28,193.95,192.43,2472000
2024-08-16,324.91,327.71,323.27,326.92,325.59,2292800,22.00,22.07,21.90,22.01,21.76,5219100,193.58,194.35,192.86,193.78,192.26,2494400
2024-08-19,327.56,330.43,327.00,329.44,328.10,1678200,22.09,22.31,22.05,22.26,22.01,5276900,193.84,195.53,193.72,194.73,193.21,2361400
2024-08-20,329.93,330.57,328.05,330.37,329.03,1790100,22.27,22.39,22.19,22.31,22.06,5588900,194.59,196.21,193.75,196.03,194.50,1790400
2024-08-21,330.84,333.66,330.54,333.60,332.25,1233900,22.38,22.58,22.37,22.57,22.31,7843700,195.97,197.33,194.12,197.21,195.67,2579300
2024-08-22,333.89,334.07,329.65,330.57,329.23,1679200,22.41,22.51,22.31,22.34,22.09,4273000,197.25,197.92,195.57,195.96,194.43,1969500
2024-08-23,331.66,333.76,329.67,333.27,331.92,1518700,22.35,22.41,22.15,22.34,22.09,4428500,196.79,197.38,194.39,196.10,194.57,2322000
2024-08-26,333.08,337.21,331.77,336.78,335.41,1692200,22.31,22.50,22.31,22.44,22.19,4569000,196.00,198.35,195.90,197.98,196.43,2567200
2024-08-27,335.18,340.99,335.00,340.38,339.00,2154100,22.56,22.91,22.53,22.80,22.54,8258200,197.44,199.40,196.97,198.73,197.18,2617100
2024-08-28,340.56,343.60,335.11,337.39,336.02,1528000,23.02,23.48,22.97,23.00,22.74,7492200,199.00,200.00,197.49,198.46,196.91,2645200
2024-08-29,340.25,343.87,338.97,340.21,338.83,1612600,23.01,23.32,23.01,23.20,22.94,5756200,199.30,201.12,198.27,198.90,197.34,2989600
2024-08-30,341.00,343.45,338.64,341.95,340.56,2004000,23.29,23.37,23.13,23.28,23.02,6375000,199.11,202.17,198.73,202.13,200.55,4751000
2024-09-03,341.36,345.54,339.67,341.88,340.49,2049300,23.18,23.33,22.89,22.98,22.72,5793200,201.91,204.72,200.21,201.28,199.71,3874700
2024-09-04,340.00,344.91,338.98,343.99,342.60,1478300,22.86,23.10,22.83,23.06,22.80,5558000,200.76,204.36,200.50,204.11,202.51,3142500
2024-09-05,344.22,344.45,339.50,340.93,339.55,1195100,23.03,23.20,22.85,22.90,22.64,6270100,204.08,205.95,200.96,202.59,201.01,3229200
2024-09-06,340.70,342.44,336.76,339.84,338.46,1613400,22.82,22.92,22.49,22.54,22.28,7517300,202.38,204.10,199.34,200.74,199.17,3304500
2024-09-09,340.63,342.25,339.09,341.81,340.42,1569400,22.76,22.76,22.56,22.62,22.36,4585000,201.94,205.05,201.43,203.53,201.94,3705000
2024-09-10,343.81,348.00,342.22,347.70,346.29,1655700,22.77,22.93,22.65,22.93,22.67,6484400,204.20,205.83,202.87,205.32,203.71,3070600
2024-09-11,346.36,350.72,342.24,350.31,348.89,2121700,22.89,22.95,22.56,22.92,22.66,5590600,207.76,210.12,203.04,209.89,208.25,5554300
2024-09-12,350.48,352.42,345.20,349.89,348.47,2182100,23.25,23.33,23.08,23.25,22.99,5643300,210.00,212.65,208.27,211.61,209.96,4616400
2024-09-13,351.10,351.43,348.79,349.58,348.16,1812000,23.27,23.33,23.15,23.20,22.94,5273400,212.48,216.09,212.13,214.79,213.11,4572300
2024-09-16,350.84,354.98,349.63,354.12,352.68,2536400,23.20,23.29,23.05,23.19,22.93,6747300,215.88,217.90,215.52,217.16,215.46,4176100
2024-09-17,355.10,355.28,336.31,337.04,335.67,4528800,23.28,23.42,22.82,22.97,22.71,10352700,217.25,218.84,213.00,214.13,212.46,5635200
2024-09-18,335.00,339.00,332.96,336.18,334.82,2150800,22.48,22.70,22.39,22.48,22.23,7051700,214.13,216.86,213.59,214.94,213.26,3482800
2024-09-19,340.00,340.38,332.23,335.24,333.88,2645700,22.73,22.81,22.62,22.69,22.43,6281100,218.01,218.48,210.37,213.89,212.22,5279600
2024-09-20,332.32,336.35,331.87,336.22,334.86,5231000,22.64,22.90,22.61,22.85,22.59,21841100,214.33,217.85,213.74,217.70,216.00,9958800
2024-09-23,337.38,339.44,334.05,339.21,337.83,1998500,22.72,22.73,22.49,22.69,22.43,4900300,218.00,220.62,217.27,220.50,218.78,4074800
2024-09-24,337.94,340.62,335.28,339.62,338.24,2842900,22.62,22.72,22.46,22.58,22.32,7015300,219.78,221.19,218.16,220.97,219.24,3183900
2024-09-25,335.14,339.75,334.16,337.05,335.68,3552700,22.51,22.61,22.45,22.56,22.30,9151500,221.17,221.85,220.16,221.23,219.50,2537800
2024-09-26,355.01,363.99,349.70,355.81,354.37,4454800,23.05,23.26,22.86,22.96,22.70,10927900,222.11,224.00,221.36,223.43,221.68,2673200
2024-09-27,356.33,358.34,349.30,349.70,348.28,2575200,22.62,22.70,22.34,22.39,22.14,9702000,223.00,224.15,220.77,220.84,219.11,3830300
2024-09-30,348.50,354.06,347.72,353.48,352.05,2424900,22.28,22.42,22.08,22.27,22.02,11576900,220.65,221.32,219.02,221.08,219.35,3543400
2024-10-01,354.99,354.99,349.90,351.98,350.55,1827300,22.42,22.52,22.27,22.39,22.14,8366500,220.63,221.10,215.90,219.35,217.63,3548400
2024-10-02,352.71,357.19,351.34,356.29,354.85,2421300,22.36,22.44,22.17,22.32,22.07,5273100,218.31,220.20,215.80,219.73,218.01,3343400
2024-10-03,359.55,364.45,359.33,361.24,359.78,3646300,22.19,22.43,22.19,22.41,22.16,7816800,219.50,222.83,219.27,222.72,220.98,3788300
2024-10-04,364.20,367.79,359.82,362.24,360.77,2131400,22.61,22.88,22.59,22.79,22.53,9261000,223.75,226.08,223.27,226.00,224.23,3553800
2024-10-07,360.00,362.00,355.85,356.80,355.35,1536800,22.73,23.07,22.72,22.91,22.65,7549400,225.38,227.67,225.02,227.12,225.34,3458000
2024-10-08,359.53,360.65,357.52,360.38,358.92,2348300,23.14,23.36,23.08,23.32,23.06,7722500,228.11,229.35,227.04,228.62,226.83,3245100
2024-10-09,360.98,366.46,360.77,365.08,363.60,2046400,23.32,23.38,23.21,23.27,23.01,4269500,229.20,234.95,228.50,234.30,232.47,5083600
2024-10-10,363.56,364.47,358.91,361.07,361.07,2088000,22.63,22.73,22.45,22.65,22.39,7665900,235.10,235.83,231.81,233.02,231.20,3142000
2024-10-11,362.52,363.40,360.06,360.74,360.74,1436500,22.83,22.99,22.78,22.93,22.67,5065600,233.25,233.44,230.46,233.26,231.44,3469200
2024-10-14,361.58,365.62,361.16,364.60,364.60,2256500,23.28,23.45,23.20,23.36,23.10,7100000,233.57,236.12,233.17,235.26,233.42,2524400
2024-10-15,365.43,371.00,365.43,368.66,368.66,2955900,23.18,23.28,22.97,23.02,22.76,10562700,236.40,237.37,232.71,232.96,231.14,3350600
2024-10-16,365.69,372.87,364.88,372.26,372.26,2110700,22.76,22.93,22.70,22.90,22.64,13868500,232.11,233.88,231.12,233.67,231.84,2846700
2024-10-17,373.00,375.51,371.78,375.15,375.15,1906900,22.18,22.73,22.02,22.66,22.40,16539000,232.00,233.15,230.66,232.88,231.06,5040100
2024-10-18,375.51,377.33,373.65,376.86,376.86,1893300,22.39,22.54,22.22,22.51,22.26,11307600,231.92,232.65,230.17,232.20,230.38,4715700
2024-10-21,375.00,377.34,374.21,376.03,376.03,1785100,21.99,22.28,21.98,22.20,21.95,10411900,231.21,232.42,230.26,231.75,229.94,2733300
2024-10-22,374.62,374.86,371.13,371.79,371.79,1740200,22.05,22.25,22.05,22.16,21.91,5733800,231.99,232.97,230.67,232.25,230.43,3180800
2024-10-23,370.84,372.48,368.23,370.63,370.63,2211800,22.18,22.37,22.11,22.21,21.96,4532000,230.41,233.34,230.26,232.75,230.93,5791000
2024-10-24,367.50,373.44,363.75,364.23,364.23,2311800,22.21,22.32,22.02,22.05,21.80,7199600,220.80,221.32,216.16,218.39,216.68,11193400
2024-10-25,364.00,365.45,359.59,360.80,360.80,2129300,22.05,22.09,21.87,21.89,21.64,6572800,216.80,218.65,214.39,214.67,212.99,8482200
2024-10-28,364.00,366.99,360.39,361.32,361.32,2717700,22.21,22.22,22.05,22.07,21.82,3887200,215.50,216.25,212.70,212.91,211.25,4993300
2024-10-29,360.91,365.08,359.05,363.04,363.04,2642900,21.68,21.97,21.63,21.77,21.77,8789300,211.99,213.34,209.85,210.43,208.78,5258400
2024-10-30,358.00,358.83,345.34,346.57,346.57,3916800,21.52,21.56,21.11,21.12,21.12,8486700,209.48,211.12,204.26,204.90,203.30,6956600
2024-10-31,344.63,347.86,342.62,344.82,344.82,3078200,21.04,21.08,20.87,20.91,20.91,8615100,204.13,208.13,203.51,206.72,205.10,5925300
2024-11-01,346.94,347.95,344.83,345.67,345.67,2579800,20.88,21.04,20.76,20.76,20.76,9285500,207.77,209.84,207.41,208.25,206.62,3334100
2024-11-04,345.26,346.68,341.58,343.90,343.90,1931300,20.76,20.88,20.65,20.72,20.72,11936900,207.65,207.70,205.80,206.32,204.71,2593900
2024-11-05,342.79,347.42,342.21,345.49,345.49,1553900,20.78,20.81,20.66,20.71,20.71,9558400,206.17,208.12,205.57,207.57,205.95,2441500
2024-11-06,355.90,357.23,353.00,356.13,356.13,3009700,21.51,21.60,21.20,21.40,21.40,17779900,213.48,214.33,210.37,213.60,211.93,3934400
2024-11-07,358.00,362.00,356.29,360.71,360.71,2250500,21.44,21.66,21.34,21.65,21.65,12341100,213.64,214.52,211.93,213.69,212.02,3675800
2024-11-08,360.77,362.76,355.12,355.53,355.53,2289500,21.66,22.00,21.66,21.75,21.75,7743000,214.16,216.70,212.78,213.72,212.05,3201000
2024-11-11,355.00,360.64,354.10,357.30,357.30,2985200,21.88,22.13,21.77,22.04,22.04,6092100,214.40,215.41,213.48,213.57,211.90,3013000
2024-11-12,357.64,362.13,356.95,360.61,360.61,3233600,22.02,22.17,21.99,22.02,22.02,3848800,211.90,213.03,209.06,210.86,210.86,2817800
2024-11-13,359.54,370.64,359.04,370.22,370.22,3353900,21.98,22.06,21.80,22.04,22.04,5432100,209.50,211.41,209.07,210.92,210.92,3247800
2024-11-14,371.38,372.00,361.03,362.07,362.07,3503000,21.94,22.03,21.81,21.82,21.82,6169200,210.00,210.50,206.35,208.99,208.99,6372900
2024-11-15,360.28,360.31,348.85,353.57,353.57,3614700,21.71,21.75,21.37,21.53,21.53,7650200,207.46,208.49,204.07,204.99,204.99,3986500
2024-11-18,353.57,355.50,351.82,352.79,352.79,1759900,21.33,21.67,21.27,21.60,21.60,4816400,207.00,208.42,205.37,208.09,208.09,3405900
2024-11-19,351.25,353.97,349.99,353.95,353.95,2447000,21.43,21.95,21.43,21.73,21.73,6033100,206.50,210.33,206.19,210.25,210.25,2860700
2024-11-20,353.71,357.33,351.65,357.07,357.07,1792700,22.00,22.03,21.80,21.99,21.99,7812600,211.00,214.96,209.77,214.60,214.60,4562200
